{"stval_recall": 0.2, "_timestamp": 1712349080, "_runtime": 35, "_step": 25, "stval_recall-1": 0.2, "stval_recall-5": 0.2, "stval_recall-10": 0.2, "stval_recall-avg": 0.13274510859700056, "stval_precision": 0.1565217391304348, "stval_precision-1": 0.1565217391304348, "stval_precision-5": 0.1565217391304348, "stval_precision-10": 0.1565217391304348, "stval_precision-avg": 0.12072632586254942, "stval_F": 0.17560975609756097, "stval_F-1": 0.17560975609756097, "stval_F-5": 0.17560975609756097, "stval_F-10": 0.17560975609756097, "stval_F-avg": 0.1264507716327969, "stval_fin": 2.1578004360198975, "stval_trendfin": 0.03929027169942856, "stval_stylefin": 1.1828612089157104, "stval_acfin": 0.0071542346850037575, "stval_volfin": 1.7170994281768799, "stval_fftfin": 1.8243300914764404, "stval_perceptual": 0.003364019328728318, "stval_content": 0.011631840839982033, "stval_style": 0.0006870265933685005, "stval_p-MAE": 0.20021724700927734, "stval_p-MSE": 0.044764448329806326, "_wandb": {"runtime": 34}}