{"stval_recall": 0.1, "_timestamp": 1712348752, "_runtime": 25, "_step": 25, "stval_recall-1": 0.1, "stval_recall-5": 0.1, "stval_recall-10": 0, "stval_recall-avg": 0.06637255429850028, "stval_precision": 0.0782608695652174, "stval_precision-1": 0.0782608695652174, "stval_precision-5": 0.0782608695652174, "stval_precision-10": 0, "stval_precision-avg": 0.06036316293127471, "stval_F": 0.08780487804878048, "stval_F-1": 0.08780487804878048, "stval_F-5": 0.08780487804878048, "stval_F-10": 0, "stval_F-avg": 0.06322538581639844, "stval_fin": 2.197805643081665, "stval_trendfin": 0.04167258366942406, "stval_stylefin": 1.2046257257461548, "stval_acfin": 0.007211389951407909, "stval_volfin": 1.7677611112594604, "stval_fftfin": 1.8389045000076294, "stval_perceptual": 0.0033561347518116236, "stval_content": 0.01171655859798193, "stval_style": 0.0006742181722074747, "stval_p-MAE": 0.19964199662208557, "stval_p-MSE": 0.04452997408807278, "_wandb": {"runtime": 24}}