{"stval_recall": 0.3, "_timestamp": 1712348785, "_runtime": 27, "_step": 25, "stval_recall-1": 0.3, "stval_recall-5": 0.3, "stval_recall-10": 0.3, "stval_recall-avg": 0.1991176628955008, "stval_precision": 0.2347826086956522, "stval_precision-1": 0.2347826086956522, "stval_precision-5": 0.2347826086956522, "stval_precision-10": 0.2347826086956522, "stval_precision-avg": 0.1810894887938241, "stval_F": 0.2634146341463415, "stval_F-1": 0.2634146341463415, "stval_F-5": 0.2634146341463415, "stval_F-10": 0.2634146341463415, "stval_F-avg": 0.1896761574491953, "stval_fin": 2.2030389308929443, "stval_trendfin": 0.038295552134513855, "stval_stylefin": 1.2078418731689453, "stval_acfin": 0.00697637815028429, "stval_volfin": 1.837572455406189, "stval_fftfin": 1.778976559638977, "stval_perceptual": 0.003337193513289094, "stval_content": 0.011621757410466671, "stval_style": 0.0006732805632054806, "stval_p-MAE": 0.19553837478160857, "stval_p-MSE": 0.04263640381395817, "_wandb": {"runtime": 26}}