{"stval_recall": 0.4, "_timestamp": 1712349034, "_runtime": 27, "_step": 25, "stval_recall-1": 0.4, "stval_recall-5": 0.4, "stval_recall-10": 0.4, "stval_recall-avg": 0.2654902171940011, "stval_precision": 0.3130434782608696, "stval_precision-1": 0.3130434782608696, "stval_precision-5": 0.3130434782608696, "stval_precision-10": 0.3130434782608696, "stval_precision-avg": 0.24145265172509883, "stval_F": 0.35121951219512193, "stval_F-1": 0.35121951219512193, "stval_F-5": 0.35121951219512193, "stval_F-10": 0.35121951219512193, "stval_F-avg": 0.2529015432655938, "stval_fin": 2.2196383476257324, "stval_trendfin": 0.03897028788924217, "stval_stylefin": 1.2169040441513062, "stval_acfin": 0.0073756142519414425, "stval_volfin": 1.76255464553833, "stval_fftfin": 1.8807817697525024, "stval_perceptual": 0.0034230295568704605, "stval_content": 0.011550980620086193, "stval_style": 0.0007275682874023914, "stval_p-MAE": 0.19548054039478302, "stval_p-MSE": 0.042244255915284155, "_wandb": {"runtime": 26}}