{"stval_recall": 0.0, "_timestamp": 1712349198, "_runtime": 27, "_step": 25, "stval_recall-1": 0, "stval_recall-5": 0, "stval_recall-10": 0, "stval_recall-avg": 0.0, "stval_precision": 0.0, "stval_precision-1": 0, "stval_precision-5": 0, "stval_precision-10": 0, "stval_precision-avg": 0.0, "stval_F": 0, "stval_F-1": 0, "stval_F-5": 0, "stval_F-10": 0, "stval_F-avg": 0, "stval_fin": 2.152812957763672, "stval_trendfin": 0.040487706661224365, "stval_stylefin": 1.1799982786178589, "stval_acfin": 0.007168415002524853, "stval_volfin": 1.7048805952072144, "stval_fftfin": 1.8279457092285156, "stval_perceptual": 0.00345239182934165, "stval_content": 0.01191271748393774, "stval_style": 0.0007075435714796185, "stval_p-MAE": 0.1954077363014221, "stval_p-MSE": 0.042984266951680186, "_wandb": {"runtime": 26}}