{"epoch_": 1.0, "loss": 0.054994113743305206, "_timestamp": 1712346606, "_runtime": 47, "_step": 211, "train_perceptual_0": 0.010782986879348755, "train_content_0": 0.035391826182603836, "train_style_0": 0.002391459885984659, "train_len_0": 23, "train_perceptual_1": 0.003185008652508259, "train_content_1": 0.0076897768303751945, "train_style_1": 0.0009827769827097654, "train_len_1": 33, "train_perceptual": 0.006305607035756111, "train_content": 0.01906740479171276, "train_style": 0.0015613430878147483, "train_VAE-perceptual": 0.041245583444833755, "train_KL": 291.39617919921875, "train_VAE-perceptual_0": 0.049245234578847885, "train_KL_0": 303.1650085449219, "train_VAE-perceptual_1": 0.035670071840286255, "train_KL_1": 283.1936950683594, "train_corr-content": -0.015196151100099087, "train_corr-style": -0.06790795177221298, "train_corr": 1.0415520668029785, "train_DIS-perceptual_0": 0.06566031277179718, "train_DIS-perceptual_1": 0.04756009951233864, "epoch": 1, "val_perceptual_0": 0.009586756117641926, "val_content_0": 0.028972677886486053, "val_style_0": 0.002375447889789939, "val_len_0": 23.0, "val_perceptual_1": 0.002488422207534313, "val_content_1": 0.006577639374881983, "val_style_1": 0.000710868276655674, "val_len_1": 23.0, "val_perceptual": 0.0060375891625881195, "val_content": 0.01777515932917595, "val_style": 0.0015431580832228065, "val_VAE-perceptual": 0.03884951025247574, "val_KL": 273.1166076660156, "val_VAE-perceptual_0": 0.04455329477787018, "val_KL_0": 276.6021423339844, "val_VAE-perceptual_1": 0.0331457294523716, "val_KL_1": 269.631103515625, "val_DIS-perceptual": 0.05179934576153755, "val_corr-content": -0.0026386245153844357, "val_corr-style": 0.07398717850446701, "val_corr": 0.9643257260322571, "val_DIS-perceptual_0": 0.059404391795396805, "val_DIS-perceptual_1": 0.044194307178258896, "reconstruct_train0_table": {"_type": "table-file", "sha256": "c76bfe2dc8c67cdab1129d01126fdfd81572625b42d859be72ac427095ba4588", "size": 31300, "artifact_path": "wandb-client-artifact://3lh3pef1q5hwben1k6e8k3sfx63pp5nx9ks7i6sdv6824fd1p37sieilv2zzeuuel08qv857gwzaigroz3rzoyjc6b7u62inl38v8c9kocj28vyj1zgn7rcij7x6k8n5:latest/reconstruct_train0_table.table.json", "_latest_artifact_path": "wandb-client-artifact://3lh3pef1q5hwben1k6e8k3sfx63pp5nx9ks7i6sdv6824fd1p37sieilv2zzeuuel08qv857gwzaigroz3rzoyjc6b7u62inl38v8c9kocj28vyj1zgn7rcij7x6k8n5:latest/reconstruct_train0_table.table.json", "path": "media/table/reconstruct_train0_table_161_c76bfe2dc8c67cdab112.table.json", "ncols": 3, "nrows": 768}, "reconstruct_val0_table": {"_type": "table-file", "sha256": "26f5193d55b4ca19ea197f2a4df753c99db0935fb2effa14997e710a398cc654", "size": 31748, "artifact_path": "wandb-client-artifact://17z673fov2lutek6au8bgznuhwmzrdgjzdrzdahqtfzyenuatzzhkyo20vq5g0zrjvgn8956z9rl0j1ww91o4e5v3e7fiaq9f23sz3fdlnxn9iw25e3vuq5jckxp6s09:latest/reconstruct_val0_table.table.json", "_latest_artifact_path": "wandb-client-artifact://17z673fov2lutek6au8bgznuhwmzrdgjzdrzdahqtfzyenuatzzhkyo20vq5g0zrjvgn8956z9rl0j1ww91o4e5v3e7fiaq9f23sz3fdlnxn9iw25e3vuq5jckxp6s09:latest/reconstruct_val0_table.table.json", "path": "media/table/reconstruct_val0_table_162_26f5193d55b4ca19ea19.table.json", "ncols": 3, "nrows": 768}, "stval_recall": 0.1, "stval_recall-1": 0, "stval_recall-5": 0, "stval_recall-10": 0, "stval_recall-avg": 0.019094089540761562, "stval_precision": 0.008695652173913044, "stval_precision-1": 0.008695652173913044, "stval_precision-5": 0.008695652173913044, "stval_precision-10": 0, "stval_precision-avg": 0.008451149805349537, "stval_F": 0.016, "stval_F-1": 0, "stval_F-5": 0, "stval_F-10": 0, "stval_F-avg": 0.011716508183365332, "stval_fin": 2.533107042312622, "stval_trendfin": 0.21951965987682343, "stval_stylefin": 1.3712568283081055, "stval_acfin": 0.0103604169562459, "stval_volfin": 1.4615037441253662, "stval_fftfin": 2.641906499862671, "stval_perceptual": 0.006763154175132513, "stval_content": 0.03054910898208618, "stval_style": 0.0006648240378126502, "stval_p-MAE": 0.14150730818510054, "stval_p-MSE": 0.023916608281433584, "test_perceptual_0": 0.00880048144608736, "test_content_0": 0.02469554916024208, "test_style_0": 0.0023707097861915827, "test_len_0": 23.0, "test_perceptual_1": 0.002368978690356016, "test_content_1": 0.006906492635607719, "test_style_1": 0.0006122889462858438, "test_len_1": 23.0, "test_perceptual": 0.005584729835391045, "test_content": 0.015801019966602325, "test_style": 0.0014914993662387133, "test_VAE-perceptual": 0.038129743188619614, "test_KL": 272.7453308105469, "test_VAE-perceptual_0": 0.04333344101905823, "test_KL_0": 276.2310485839844, "test_VAE-perceptual_1": 0.032926045358181, "test_KL_1": 269.2596130371094, "test_DIS-perceptual": 0.050839658826589584, "test_corr-content": -0.08412079513072968, "test_corr-style": -0.15344202518463135, "test_corr": 1.1187814474105835, "test_DIS-perceptual_0": 0.057777926325798035, "test_DIS-perceptual_1": 0.04390139877796173, "_wandb": {"runtime": 49}}