{"epoch_": 1.0, "loss": 0.036111537367105484, "_timestamp": 1712346833, "_runtime": 47, "_step": 211, "train_perceptual_0": 0.008699576370418072, "train_content_0": 0.025213414803147316, "train_style_0": 0.0022634253837168217, "train_len_0": 35, "train_perceptual_1": 0.00854640081524849, "train_content_1": 0.018884925171732903, "train_style_1": 0.0028120274655520916, "train_len_1": 21, "train_perceptual": 0.008642135187983513, "train_content": 0.022840231657028198, "train_style": 0.002469151047989726, "train_VAE-perceptual": 0.02708365209400654, "train_KL": 129.4464874267578, "train_VAE-perceptual_0": 0.026736456900835037, "train_KL_0": 125.47394561767578, "train_VAE-perceptual_1": 0.027662310749292374, "train_KL_1": 136.06741333007812, "train_corr-content": 0.08992661535739899, "train_corr-style": 0.026134658604860306, "train_corr": 0.9419693946838379, "train_DIS-perceptual_0": 0.035648614168167114, "train_DIS-perceptual_1": 0.03688308224081993, "epoch": 1, "val_perceptual_0": 0.009625125676393509, "val_content_0": 0.02539658546447754, "val_style_0": 0.002754160203039646, "val_len_0": 23.0, "val_perceptual_1": 0.008558862842619419, "val_content_1": 0.018352186307311058, "val_style_1": 0.0028721557464450598, "val_len_1": 23.0, "val_perceptual": 0.009091993793845177, "val_content": 0.021874386817216873, "val_style": 0.002813157858327031, "val_VAE-perceptual": 0.02762093022465706, "val_KL": 128.1861572265625, "val_VAE-perceptual_0": 0.027969002723693848, "val_KL_0": 124.04638671875, "val_VAE-perceptual_1": 0.02727285772562027, "val_KL_1": 132.325927734375, "val_DIS-perceptual": 0.03682790696620941, "val_corr-content": 0.1042284294962883, "val_corr-style": 0.11605720221996307, "val_corr": 0.8898571729660034, "val_DIS-perceptual_0": 0.0372920036315918, "val_DIS-perceptual_1": 0.036363810300827026, "reconstruct_train0_table": {"_type": "table-file", "sha256": "b24fd006805c70922673c44746f03b409d405db4ce2119f3286e90ef8a9b7f76", "size": 31185, "artifact_path": "wandb-client-artifact://1504ilfozxn71kr32cf79zfme71kqtzd0o7ilc6ti4qgcrlfe1g21k3oonolka23b190q9cgp0rjs1tjpsshmq6z4ldttngxvg9586gdvqvyhyul8fa6pj0ygie987ht:latest/reconstruct_train0_table.table.json", "_latest_artifact_path": "wandb-client-artifact://1504ilfozxn71kr32cf79zfme71kqtzd0o7ilc6ti4qgcrlfe1g21k3oonolka23b190q9cgp0rjs1tjpsshmq6z4ldttngxvg9586gdvqvyhyul8fa6pj0ygie987ht:latest/reconstruct_train0_table.table.json", "path": "media/table/reconstruct_train0_table_161_b24fd006805c70922673.table.json", "ncols": 3, "nrows": 768}, "reconstruct_val0_table": {"_type": "table-file", "sha256": "a0c830baddae349b6d71a818912c5f36f20c04dc87160b55479b3d7b843a43ae", "size": 31946, "artifact_path": "wandb-client-artifact://flca5sp2q1z1r7k47nqcf9gldtbxb99389jhbocinxes8e4udzhba8s99j1htew4kxp49mfh82ds42eub6t14rst5lpyjdixv1pkg59e4zf40amnwgvwygzsv6wdae00:latest/reconstruct_val0_table.table.json", "_latest_artifact_path": "wandb-client-artifact://flca5sp2q1z1r7k47nqcf9gldtbxb99389jhbocinxes8e4udzhba8s99j1htew4kxp49mfh82ds42eub6t14rst5lpyjdixv1pkg59e4zf40amnwgvwygzsv6wdae00:latest/reconstruct_val0_table.table.json", "path": "media/table/reconstruct_val0_table_162_a0c830baddae349b6d71.table.json", "ncols": 3, "nrows": 768}, "stval_recall": 0.8739130434782609, "stval_recall-1": 0.8739130434782609, "stval_recall-5": 0.8739130434782609, "stval_recall-10": 0.8497780753637777, "stval_recall-avg": 0.43924340471982737, "stval_precision": 0.4304347826086957, "stval_precision-1": 0.4304347826086957, "stval_precision-5": 0.4304347826086957, "stval_precision-10": 0.4304347826086957, "stval_precision-avg": 0.3452095976297361, "stval_F": 0.5767826086956522, "stval_F-1": 0.5767826086956522, "stval_F-5": 0.5767826086956522, "stval_F-10": 0.5714269136683022, "stval_F-avg": 0.386590499496305, "stval_fin": 2.213195323944092, "stval_trendfin": 0.23848368227481842, "stval_stylefin": 1.1934089660644531, "stval_acfin": 0.009984759613871574, "stval_volfin": 1.0241284370422363, "stval_fftfin": 2.5461137294769287, "stval_perceptual": 0.009261596947908401, "stval_content": 0.029192712157964706, "stval_style": 0.0021746065467596054, "stval_p-MAE": 0.039452974870800975, "stval_p-MSE": 0.004365679784677922, "test_perceptual_0": 0.00921512022614479, "test_content_0": 0.023291712626814842, "test_style_0": 0.002739144489169121, "test_len_0": 23.0, "test_perceptual_1": 0.005464625079184771, "test_content_1": 0.011705231852829456, "test_style_1": 0.0018350204918533564, "test_len_1": 23.0, "test_perceptual": 0.007339872419834137, "test_content": 0.017498472705483437, "test_style": 0.0022870823740959167, "test_VAE-perceptual": 0.025022314861416817, "test_KL": 128.45631408691406, "test_VAE-perceptual_0": 0.027396859601140022, "test_KL_0": 124.4391098022461, "test_VAE-perceptual_1": 0.022647768259048462, "test_KL_1": 132.4735107421875, "test_DIS-perceptual": 0.033363085240125656, "test_corr-content": 0.050691962242126465, "test_corr-style": 0.08369152992963791, "test_corr": 0.9328082799911499, "test_DIS-perceptual_0": 0.03652914613485336, "test_DIS-perceptual_1": 0.0301970262080431, "_wandb": {"runtime": 48}}