{"stval_recall": 0.2, "_timestamp": 1712348925, "_runtime": 28, "_step": 25, "stval_recall-1": 0.2, "stval_recall-5": 0.2, "stval_recall-10": 0.2, "stval_recall-avg": 0.13274510859700056, "stval_precision": 0.1565217391304348, "stval_precision-1": 0.1565217391304348, "stval_precision-5": 0.1565217391304348, "stval_precision-10": 0.1565217391304348, "stval_precision-avg": 0.12072632586254942, "stval_F": 0.17560975609756097, "stval_F-1": 0.17560975609756097, "stval_F-5": 0.17560975609756097, "stval_F-10": 0.17560975609756097, "stval_F-avg": 0.1264507716327969, "stval_fin": 2.2302300930023193, "stval_trendfin": 0.04052625596523285, "stval_stylefin": 1.2225738763809204, "stval_acfin": 0.00714300200343132, "stval_volfin": 1.8391128778457642, "stval_fftfin": 1.8214654922485352, "stval_perceptual": 0.003455271478742361, "stval_content": 0.011945459060370922, "stval_style": 0.0007058532792143524, "stval_p-MAE": 0.2053198277950287, "stval_p-MSE": 0.0469533421099186, "_wandb": {"runtime": 27}}