{"stval_recall": 0.4, "_timestamp": 1712348823, "_runtime": 28, "_step": 25, "stval_recall-1": 0.4, "stval_recall-5": 0.4, "stval_recall-10": 0.4, "stval_recall-avg": 0.2654902171940011, "stval_precision": 0.3130434782608696, "stval_precision-1": 0.3130434782608696, "stval_precision-5": 0.3130434782608696, "stval_precision-10": 0.3130434782608696, "stval_precision-avg": 0.24145265172509883, "stval_F": 0.35121951219512193, "stval_F-1": 0.35121951219512193, "stval_F-5": 0.35121951219512193, "stval_F-10": 0.35121951219512193, "stval_F-avg": 0.2529015432655938, "stval_fin": 2.223109483718872, "stval_trendfin": 0.0410163551568985, "stval_stylefin": 1.2186084985733032, "stval_acfin": 0.0074657052755355835, "stval_volfin": 1.7446048259735107, "stval_fftfin": 1.9037550687789917, "stval_perceptual": 0.003491488751024008, "stval_content": 0.011869708076119423, "stval_style": 0.0007333479588851333, "stval_p-MAE": 0.189175808429718, "stval_p-MSE": 0.04009123258292675, "_wandb": {"runtime": 27}}