{"stval_recall": 0.2, "_timestamp": 1712349161, "_runtime": 27, "_step": 25, "stval_recall-1": 0.2, "stval_recall-5": 0.2, "stval_recall-10": 0.2, "stval_recall-avg": 0.13274510859700056, "stval_precision": 0.1565217391304348, "stval_precision-1": 0.1565217391304348, "stval_precision-5": 0.1565217391304348, "stval_precision-10": 0.1565217391304348, "stval_precision-avg": 0.12072632586254942, "stval_F": 0.17560975609756097, "stval_F-1": 0.17560975609756097, "stval_F-5": 0.17560975609756097, "stval_F-10": 0.17560975609756097, "stval_F-avg": 0.1264507716327969, "stval_fin": 2.168882131576538, "stval_trendfin": 0.04001016542315483, "stval_stylefin": 1.1888841390609741, "stval_acfin": 0.007261814549565315, "stval_volfin": 1.707627534866333, "stval_fftfin": 1.8517628908157349, "stval_perceptual": 0.0034602584782987833, "stval_content": 0.011907306499779224, "stval_style": 0.0007124117109924555, "stval_p-MAE": 0.20422612130641937, "stval_p-MSE": 0.046280568838119505, "_wandb": {"runtime": 26}}