{"stval_recall": 0.3, "_timestamp": 1712349125, "_runtime": 28, "_step": 25, "stval_recall-1": 0.3, "stval_recall-5": 0.3, "stval_recall-10": 0.3, "stval_recall-avg": 0.1991176628955008, "stval_precision": 0.2347826086956522, "stval_precision-1": 0.2347826086956522, "stval_precision-5": 0.2347826086956522, "stval_precision-10": 0.2347826086956522, "stval_precision-avg": 0.1810894887938241, "stval_F": 0.2634146341463415, "stval_F-1": 0.2634146341463415, "stval_F-5": 0.2634146341463415, "stval_F-10": 0.2634146341463415, "stval_F-avg": 0.1896761574491953, "stval_fin": 2.270169496536255, "stval_trendfin": 0.038306478410959244, "stval_stylefin": 1.2447624206542969, "stval_acfin": 0.007479284889996052, "stval_volfin": 1.8195902109146118, "stval_fftfin": 1.9072177410125732, "stval_perceptual": 0.0033634421415627003, "stval_content": 0.011457580141723156, "stval_style": 0.0007041349890641868, "stval_p-MAE": 0.19983309209346772, "stval_p-MSE": 0.04443987086415291, "_wandb": {"runtime": 26}}