{"stval_recall": 0.3, "_timestamp": 1712348992, "_runtime": 27, "_step": 25, "stval_recall-1": 0.3, "stval_recall-5": 0.3, "stval_recall-10": 0.3, "stval_recall-avg": 0.1991176628955008, "stval_precision": 0.2347826086956522, "stval_precision-1": 0.2347826086956522, "stval_precision-5": 0.2347826086956522, "stval_precision-10": 0.2347826086956522, "stval_precision-avg": 0.1810894887938241, "stval_F": 0.2634146341463415, "stval_F-1": 0.2634146341463415, "stval_F-5": 0.2634146341463415, "stval_F-10": 0.2634146341463415, "stval_F-avg": 0.1896761574491953, "stval_fin": 2.0864176750183105, "stval_trendfin": 0.03823778033256531, "stval_stylefin": 1.14370596408844, "stval_acfin": 0.007107052952051163, "stval_volfin": 1.6117124557495117, "stval_fftfin": 1.8122985363006592, "stval_perceptual": 0.0034265760332345963, "stval_content": 0.01167608704417944, "stval_style": 0.0007170080207288265, "stval_p-MAE": 0.19167068898677825, "stval_p-MSE": 0.04111480489373207, "_wandb": {"runtime": 26}}