{"epoch_": 1.0, "loss": 0.05403374880552292, "_timestamp": 1712349250, "_runtime": 48, "_step": 211, "train_perceptual_0": 0.013356566429138184, "train_content_0": 0.02801229991018772, "train_style_0": 0.004544881172478199, "train_len_0": 24, "train_perceptual_1": 0.020645007491111755, "train_content_1": 0.05368060991168022, "train_style_1": 0.005986693315207958, "train_len_1": 32, "train_perceptual": 0.017521390691399574, "train_content": 0.04267990589141846, "train_style": 0.005368773825466633, "train_VAE-perceptual": 0.04052531346678734, "train_KL": 130.57644653320312, "train_VAE-perceptual_0": 0.03443343937397003, "train_KL_0": 131.99855041503906, "train_VAE-perceptual_1": 0.045094218105077744, "train_KL_1": 129.5098419189453, "train_corr-content": 0.05519230663776398, "train_corr-style": -0.05507778376340866, "train_corr": 0.9999427199363708, "train_DIS-perceptual_0": 0.04591125249862671, "train_DIS-perceptual_1": 0.060125626623630524, "epoch": 1, "val_perceptual_0": 0.005074349232017994, "val_content_0": 0.01350847166031599, "val_style_0": 0.0014400447253137827, "val_len_0": 23.0, "val_perceptual_1": 0.009969010949134827, "val_content_1": 0.022013306617736816, "val_style_1": 0.003281625220552087, "val_len_1": 23.0, "val_perceptual": 0.00752168009057641, "val_content": 0.01776088774204254, "val_style": 0.0023608349729329348, "val_VAE-perceptual": 0.02874007076025009, "val_KL": 160.03713989257812, "val_VAE-perceptual_0": 0.02524617686867714, "val_KL_0": 161.65940856933594, "val_VAE-perceptual_1": 0.032233964651823044, "val_KL_1": 158.41485595703125, "val_DIS-perceptual": 0.03832009434700012, "val_corr-content": -0.22686867415905, "val_corr-style": 0.063799649477005, "val_corr": 1.081534504890442, "val_DIS-perceptual_0": 0.03366157039999962, "val_DIS-perceptual_1": 0.042978618294000626, "reconstruct_train0_table": {"_type": "table-file", "sha256": "3c53bc93e90fed4d97e8412b215b97f7a5667093e1b0393b0ec06df73b1226bb", "size": 31321, "artifact_path": "wandb-client-artifact://te43ilks5spv1taf484y2bbm59tu3614wt1t92tiyj7ym97py2lbp1mujgqb035y51eemjndvd2yhbd4538yocr4fcfd0x5k21momqoy27myqfh18unr9byzinny1itq:latest/reconstruct_train0_table.table.json", "_latest_artifact_path": "wandb-client-artifact://te43ilks5spv1taf484y2bbm59tu3614wt1t92tiyj7ym97py2lbp1mujgqb035y51eemjndvd2yhbd4538yocr4fcfd0x5k21momqoy27myqfh18unr9byzinny1itq:latest/reconstruct_train0_table.table.json", "path": "media/table/reconstruct_train0_table_161_3c53bc93e90fed4d97e8.table.json", "ncols": 3, "nrows": 768}, "reconstruct_val0_table": {"_type": "table-file", "sha256": "71b91e691ab9a70def86b32abe28025c99d0eb0dcd00031b2bbdc6fd31b452ee", "size": 32152, "artifact_path": "wandb-client-artifact://16t6vp95om08iyjt4vfwx9ufu0l1kxo8htbggzreaw55mwntl3ct22l3eqv53rgw1g02z7p42c06ljwoolx1ikm7wqn58vo724um2lxc9y61m3pjm56gz8c8qgh4cvvh:latest/reconstruct_val0_table.table.json", "_latest_artifact_path": "wandb-client-artifact://16t6vp95om08iyjt4vfwx9ufu0l1kxo8htbggzreaw55mwntl3ct22l3eqv53rgw1g02z7p42c06ljwoolx1ikm7wqn58vo724um2lxc9y61m3pjm56gz8c8qgh4cvvh:latest/reconstruct_val0_table.table.json", "path": "media/table/reconstruct_val0_table_162_71b91e691ab9a70def86.table.json", "ncols": 3, "nrows": 768}, "stval_recall": 0.0, "stval_recall-1": 0, "stval_recall-5": 0, "stval_recall-10": 0, "stval_recall-avg": 0.0, "stval_precision": 0.0, "stval_precision-1": 0, "stval_precision-5": 0, "stval_precision-10": 0, "stval_precision-avg": 0.0, "stval_F": 0, "stval_F-1": 0, "stval_F-5": 0, "stval_F-10": 0, "stval_F-avg": 0, "stval_fin": 2.3850722312927246, "stval_trendfin": 0.12964800000190735, "stval_stylefin": 1.2988249063491821, "stval_acfin": 0.00885939970612526, "stval_volfin": 1.62846839427948, "stval_fftfin": 2.2591469287872314, "stval_perceptual": 0.009299204684793949, "stval_content": 0.01732047274708748, "stval_style": 0.0033825149293988943, "stval_p-MAE": 0.1527651071548462, "stval_p-MSE": 0.02641070894896984, "test_perceptual_0": 0.006266508251428604, "test_content_0": 0.016900915652513504, "test_style_0": 0.0017564877634868026, "test_len_0": 23.0, "test_perceptual_1": 0.010504513047635555, "test_content_1": 0.02311266027390957, "test_style_1": 0.003466215915977955, "test_len_1": 23.0, "test_perceptual": 0.008385510183870792, "test_content": 0.020006787031888962, "test_style": 0.002611351665109396, "test_VAE-perceptual": 0.03004097007215023, "test_KL": 160.08480834960938, "test_VAE-perceptual_0": 0.02701365202665329, "test_KL_0": 161.46966552734375, "test_VAE-perceptual_1": 0.03306828439235687, "test_KL_1": 158.69992065429688, "test_DIS-perceptual": 0.040054626762866974, "test_corr-content": 0.002689509419724345, "test_corr-style": 0.023414768278598785, "test_corr": 0.9869478344917297, "test_DIS-perceptual_0": 0.03601820394396782, "test_DIS-perceptual_1": 0.04409104585647583, "_wandb": {"runtime": 49}}